"","SLOPE","Solar","Elev","BFI","h2oDevelop","h2oLakesPe","h2oAgricul","h2oBurnPer","h2oRdDens","h2oHiCascP","h2oWetland","h2oVegCov","h2oVegHt","Forest21","Shrub21","h2oKm2","BurnRCA","AgricultRC","WetlandsRC","LakesRCA","HiCascRCA","DevelopRCA","RoadsRCA","VegCover","VegHeight_","DevelopBuf","AgBuf","BurnBuf","WetlandBuf","LakesBuf","HiCascBuf","RoadsBuf","VegHtBuf","VegCovBuf","MeanMaxAir","MaxAir_C","Precip_mm","SumPrecip","MeanAirJJA","WetPrecip","thermalSensitivity"
"SLOPE",NA,0.164447827446409,1.65632919384429e-05,0.0122436793223253,0.139642006024252,0.00424296951854641,0.0965182962071363,0.0102421115290678,0.485069065015603,0.577912502344414,0.0687855761179637,0.30134314659768,0.35762619868654,0.832493924070991,0.00989021062866202,1.88737914186277e-14,0.287354054450885,0.00550211478792328,0.056084393203486,0.416616776247986,0.114151240799881,0.0176657112687799,0.00453786716413807,0.000544515520317645,0.0159079058157707,0.0819916844978603,0.00355914430788573,0.472536672583936,0.0899606816886664,0.145262906721694,0.269890381323087,0.224992257002103,2.4146971190131e-05,1.09367492173718e-07,0.000306191003488721,0.007760923536966,0.00136597236496483,0.274555705532446,4.97542600941259e-06,0.00217160158628982,0.0163772428896105
"Solar",0.164447827446409,NA,0.0611142540376972,0.0174324515732049,0.0481840182762974,0.0526118696986679,0.117785328968211,5.79029274458964e-05,0.38062508475153,0.00427935555045966,0.110090359586573,0.706653371528027,0.467042597183285,0.629999796192229,0.00225484469192461,0.162296784281219,0.156097470301401,0.4289361226234,0.092043816824507,0.507255888377047,8.61958850473243e-06,0.231416845115641,0.441278103451608,0.439693666334837,0.282118605529534,0.308361482602886,0.731153185469269,0.209251104460511,0.108647143843934,0.847114483403192,0.00094281445612987,0.669714913190862,0.497224933719165,0.433012710722491,0.389951319753,0.869315098014776,0.0915889611698413,0.343456342286011,0.0793218614360525,0.0819173338765842,0.0871419089793795
"Elev",1.65632919384429e-05,0.0611142540376972,NA,0,0,0.743370289735896,4.44089209850063e-15,0.0862360499277282,0.00244450661122819,2.00724667553942e-07,1.28857461518805e-05,3.57453560577703e-05,3.97397581508585e-09,0.00438012253386111,0.794732104348812,0.0362579045576759,0.370126786760513,0,0.00026763732675783,2.35792663061396e-06,2.87684054356419e-09,0,0.0241898681799331,0,0,2.95381497039671e-11,8.88178419700125e-15,0.605802474861063,0.00162770999951545,9.43583193357966e-07,9.28253010901159e-07,0.787643367927269,3.85398379876278e-11,1.04923758570408e-08,2.07904345739252e-07,0.0116420544776716,0,0.257125902620239,3.99680288865056e-15,0,2.24975593710042e-11
"BFI",0.0122436793223253,0.0174324515732049,0,NA,0,0.807593789219965,0,0.00108527919366508,0.00362586040970547,3.73034936274053e-13,1.22569727747379e-05,5.87900471415992e-07,3.09530179265494e-13,2.30636567080111e-05,0.129924159034393,0.77187009815075,0.021172402509865,0,0.000328745317966783,1.2107872691125e-06,1.07936504178952e-09,0,0.250880068122158,4.73843186910017e-13,0,1.41651135265874e-11,6.97220059464598e-14,0.0820411364688742,0.00197522684556306,2.77497429923557e-07,8.22601378347443e-07,0.72016298126345,8.06836755185003e-08,0.000609227885844721,3.04117405014459e-05,0.11131488787611,1.33226762955019e-15,0.0295024184579309,1.76596204326529e-09,4.44089209850063e-16,1.77635683940025e-15
"h2oDevelop",0.139642006024252,0.0481840182762974,0,0,NA,0.897421495634477,0,0.000116649689078319,3.56999654642642e-05,3.57830964858863e-08,2.16174239930922e-06,1.42800216096362e-10,1.28785870856518e-14,8.72347849734112e-06,0.066594106805324,0.126348894336262,0.00115899910962813,0,2.56589691742803e-05,6.28111967770906e-07,0.000109266543630415,0,0.196713743835373,4.85833595575969e-13,0,3.5527136788005e-15,0,0.0391781166769771,5.5171510437102e-05,4.6971799161355e-07,0.00156735083849791,0.631079811092183,3.29844196622631e-06,0.00775232772308843,2.34003444177233e-07,0.00688028586553102,0,0.677854922629834,1.63277968923126e-09,0,5.65063551505318e-11
"h2oLakesPe",0.00424296951854641,0.0526118696986679,0.743370289735896,0.807593789219965,0.897421495634477,NA,0.850799242519058,4.6166831581651e-05,0.16151874497155,0.00731972064853048,7.32714484641406e-08,0.126465792627243,0.450352300517594,0.365732028361045,0.000107766354663585,0.000676032604841836,0.0343010521500196,0.531434098790613,0.047859764413281,0.067162546957054,0.076569514057258,0.463811283179901,0.393364097053717,0.366993880193138,0.900285591800684,0.672454021308292,0.580959791161514,0.174484400643077,0.221749973119887,0.276218024039763,0.184483881921274,0.358691131644909,0.200428629103439,0.0464324845632493,0.742244126541659,0.76511646204856,0.848215299790725,0.587875654182477,0.883186881186966,0.968505272083924,0.19690788011752
"h2oAgricul",0.0965182962071363,0.117785328968211,4.44089209850063e-15,0,0,0.850799242519058,NA,0.000166421071078338,7.84160298294978e-05,2.17783011624562e-07,9.24078457753552e-07,2.11830775143085e-10,2.22044604925031e-13,5.58078729873124e-06,0.0492302630860584,0.125955597214675,0.0009368441491171,0,2.04758074100475e-05,6.40651045946683e-06,0.000163162133992367,0,0.131789986009215,1.48170364866473e-12,0,7.73603403558809e-13,0,0.032252859987604,6.91406194837096e-05,1.76938578753116e-05,0.00204308488412752,0.915181890217784,1.92763979756094e-06,0.00758278136682744,6.47783089391396e-08,0.00273220686608155,0,0.899789745588657,1.38639943969565e-09,0,6.88983980978719e-10
"h2oBurnPer",0.0102421115290678,5.79029274458964e-05,0.0862360499277282,0.00108527919366508,0.000116649689078319,4.6166831581651e-05,0.000166421071078338,NA,0.0175332016564025,0.00550203778318403,0.257206800959947,0.461575208691319,0.59166843711558,0.0942458592909605,0,7.1890927932472e-05,8.44913583541995e-09,0.0033958457555241,0.974746812205486,0.0870574250922851,0.0181603657948015,0.0130020846568222,0.872688839877981,0.630168350789657,0.0466176334108945,0.0205208726232873,0.122167654974381,1.7898820142026e-05,0.588161417347266,0.103560609302836,0.050247878949444,0.322630934428668,0.802162249689408,0.014612919687844,0.0656540112598683,0.572674173549447,0.00184800936707941,0.981580055310726,0.0638193081488578,0.00200101976869727,0.0392705045564825
"h2oRdDens",0.485069065015603,0.38062508475153,0.00244450661122819,0.00362586040970547,3.56999654642642e-05,0.16151874497155,7.84160298294978e-05,0.0175332016564025,NA,0.4494238229355,0.000212196077266968,0.0153202444390004,0.0132039093268952,0.0344887921027537,0.0047543624865829,0.505039849212679,0.0360058341502723,0.000208314167671642,0.191785998658272,0.0363546003760089,0.621492936022278,1.12946512778045e-05,0.00155554598521834,0.000278105585538757,0.000210852937528649,4.07031540827774e-05,3.83956286462706e-05,0.0415826628470941,0.0388112282392827,0.0256837511024344,0.821720828831439,0.0188331268024275,0.000104482612763412,0.00721469267474606,3.30886103450112e-06,3.13650368628515e-05,1.91090514078951e-07,0.000975713410861445,2.11805830221401e-05,4.48699743582637e-07,0.833025886034055
"h2oHiCascP",0.577912502344414,0.00427935555045966,2.00724667553942e-07,3.73034936274053e-13,3.57830964858863e-08,0.00731972064853048,2.17783011624562e-07,0.00550203778318403,0.4494238229355,NA,0.256060478751794,0.000388080072799335,7.95107890638747e-09,6.64362418290043e-05,0.293162265610639,0.0075724831156494,0.677448968198364,5.27915067483065e-06,0.112205906571517,0.000777114589296524,1.86539672597519e-12,1.46696509462085e-05,0.0764746236418068,0.000100246761876921,7.86258125007322e-06,0.000896128979288369,0.00167053867873879,0.892414971121283,0.536123906678791,0.00470356865144628,2.92394064071999e-07,0.403352351492787,0.113929262579147,0.414295628972885,0.856697383782868,0.0395375379462082,0.00802648722953325,1.70630474194411e-08,0.0551819675093164,0.00498163312563005,8.88178419700125e-16
"h2oWetland",0.0687855761179637,0.110090359586573,1.28857461518805e-05,1.22569727747379e-05,2.16174239930922e-06,7.32714484641406e-08,9.24078457753552e-07,0.257206800959947,0.000212196077266968,0.256060478751794,NA,0.000386883444778441,0.000475648116372351,0.0217279575934839,0.634237651845991,0.606676838435288,0.174392033810769,3.52407599768512e-06,0.00196919608076085,0.000609685684755279,0.0863043229008795,8.92932010776448e-06,0.0261958546210299,0.000120862396446153,0.000354627292438625,0.000227952222744632,1.01685422420061e-05,0.267236942651769,0.0136174350598508,0.00982676755081791,0.0804248843190265,0.679152456916209,0.00235276505619453,0.0166600032215567,0.000654934741789681,0.0266374989269627,4.52926124605568e-06,0.613735462207275,0.000103246161749393,3.80410724476477e-06,0.0464000797600321
"h2oVegCov",0.30134314659768,0.706653371528027,3.57453560577703e-05,5.87900471415992e-07,1.42800216096362e-10,0.126465792627243,2.11830775143085e-10,0.461575208691319,0.0153202444390004,0.000388080072799335,0.000386883444778441,NA,0,0,0.0288521214542388,0.0291878797243712,0.534475608849087,1.73445393159e-07,6.56873143152215e-05,0.0280689320949512,0.373988875692476,7.40396706611079e-07,0.360669946666267,4.0422401426099e-08,1.27437649322104e-07,4.32318182541636e-06,3.86738598034952e-07,0.723828990843839,5.37189161646801e-05,0.0411815404917877,0.468323574526163,0.732575387463017,0.00216956784829714,0.00965702499856702,0.00519404341923924,0.0617755292130986,7.21396646397032e-05,0.787313270356087,0.00231518860252677,3.31510521709433e-05,1.53557211033384e-05
"h2oVegHt",0.35762619868654,0.467042597183285,3.97397581508585e-09,3.09530179265494e-13,1.28785870856518e-14,0.450352300517594,2.22044604925031e-13,0.59166843711558,0.0132039093268952,7.95107890638747e-09,0.000475648116372351,0,NA,0,0.206359305563633,0.0193777765033167,0.471030018658178,4.33602931337873e-10,9.16843856537675e-05,0.000677562331886872,0.0030093421693691,8.51254178257932e-10,0.671732033390392,6.03201932847242e-11,6.56386056618885e-12,1.84233862388083e-07,4.09399807388411e-08,0.798907003352289,0.000240671485387978,0.00211231116878752,0.0172127657847296,0.924208276667628,9.16556351411302e-05,0.00421691230376875,0.0299111049401548,0.641053653606789,5.17528046506399e-06,0.0267957745727552,0.00151387089582755,1.66580264315819e-06,3.20242055096287e-10
"Forest21",0.832493924070991,0.629999796192229,0.00438012253386111,2.30636567080111e-05,8.72347849734112e-06,0.365732028361045,5.58078729873124e-06,0.0942458592909605,0.0344887921027537,6.64362418290043e-05,0.0217279575934839,0,0,NA,0.00593440109125387,0.00101290104386642,0.758569028363205,0.000155399819534718,0.00671908325489046,0.10655689536485,0.124036306114694,0.00019884401223158,0.930123471462275,6.78792170005771e-06,2.78149717924947e-06,0.0026404233264512,0.000174232709053479,0.400694623482804,0.00721791931486426,0.156927315277446,0.266029940891554,0.79116222857811,0.0225498734786882,0.0518511287249999,0.708905381361943,0.828123197193756,0.0395914454184267,0.0277414298726244,0.374049444497378,0.0235456697187759,0.000383455318689663
"Shrub21",0.00989021062866202,0.00225484469192461,0.794732104348812,0.129924159034393,0.066594106805324,0.000107766354663585,0.0492302630860584,0,0.0047543624865829,0.293162265610639,0.634237651845991,0.0288521214542388,0.206359305563633,0.00593440109125387,NA,0.00126430891714047,7.7887026519452e-06,0.211595992107098,0.612774737520861,0.373558910448746,0.278510315560792,0.295675408212,0.620938364787695,0.325755963400827,0.752310833601511,0.169926093197429,0.351726486281883,0.000636069831219332,0.733292821775083,0.392000521652034,0.347308099424709,0.0958595648701617,0.812063358130641,0.0219501492454488,0.0303367744031906,0.10481864494247,0.10063140056202,0.176528441951898,0.0755445655280038,0.123200542738195,0.882856468802896
"h2oKm2",1.88737914186277e-14,0.162296784281219,0.0362579045576759,0.77187009815075,0.126348894336262,0.000676032604841836,0.125955597214675,7.1890927932472e-05,0.505039849212679,0.0075724831156494,0.606676838435288,0.0291878797243712,0.0193777765033167,0.00101290104386642,0.00126430891714047,NA,0.0194293369945027,0.78241069697431,0.483699246622927,0.716016253609726,0.985836121500047,0.938719910278545,0.00444298829344092,0.363463981995402,0.718162736367226,0.797344649535047,0.683207865049154,0.113030050798691,0.757770964368529,0.770308199149529,0.902501240082104,0.40928953839577,0.00740200755488551,7.8089556434513e-06,0.0335596630212405,0.0448280110118642,0.29261358148488,0.105106470422472,0.00548460120031535,0.324545075415049,0.970701315390392
"BurnRCA",0.287354054450885,0.156097470301401,0.370126786760513,0.021172402509865,0.00115899910962813,0.0343010521500196,0.0009368441491171,8.44913583541995e-09,0.0360058341502723,0.677448968198364,0.174392033810769,0.534475608849087,0.471030018658178,0.758569028363205,7.7887026519452e-06,0.0194293369945027,NA,0.00510170957918232,0.180821965233566,0.755608614483566,0.734211403032555,0.0254837661558538,0.270766875995557,0.934112509041661,0.173931745303151,0.0743282124471698,0.0424308051086961,0,0.0332755376954674,0.342626424918277,0.934191855298411,0.915429184681081,0.642513617339104,0.0264746032879737,0.0244361459135112,0.0338448145111461,0.00652431065261938,0.073080749096984,0.160547611800785,0.00429000755293529,0.487148520709417
"AgricultRC",0.00550211478792328,0.4289361226234,0,0,0,0.531434098790613,0,0.0033958457555241,0.000208314167671642,5.27915067483065e-06,3.52407599768512e-06,1.73445393159e-07,4.33602931337873e-10,0.000155399819534718,0.211595992107098,0.78241069697431,0.00510170957918232,NA,4.71955702341376e-06,8.6763074502727e-09,0.000163109065026923,0,0.0845326643930693,4.88498130835069e-15,0,3.96127575186256e-13,0,0.11005443973207,1.74431973625211e-05,1.42595634855525e-07,0.00204264450757408,0.656854357002445,3.06329948074335e-08,0.000451530463557503,8.39029603572072e-08,0.00456978885169135,0,0.740708254553748,2.50750531449739e-10,0,9.3681624679931e-09
"WetlandsRC",0.056084393203486,0.092043816824507,0.00026763732675783,0.000328745317966783,2.56589691742803e-05,0.047859764413281,2.04758074100475e-05,0.974746812205486,0.191785998658272,0.112205906571517,0.00196919608076085,6.56873143152215e-05,9.16843856537675e-05,0.00671908325489046,0.612774737520861,0.483699246622927,0.180821965233566,4.71955702341376e-06,NA,0.000112589897748538,0.37500446178424,1.54005628250076e-06,0.000440842759973137,7.43613896010409e-05,2.45138722325677e-05,6.21311271784553e-05,1.73661256850366e-05,0.924496348473744,0,0.000932943672212305,0.300814845433041,0.999020891913949,2.24292335353482e-05,0.000394625812802918,0.000402679909438763,0.00982822820323026,7.91802570359046e-05,0.355370235758505,0.000115475255844544,4.17834258921168e-05,0.0744016085094747
"LakesRCA",0.416616776247986,0.507255888377047,2.35792663061396e-06,1.2107872691125e-06,6.28111967770906e-07,0.067162546957054,6.40651045946683e-06,0.0870574250922851,0.0363546003760089,0.000777114589296524,0.000609685684755279,0.0280689320949512,0.000677562331886872,0.10655689536485,0.373558910448746,0.716016253609726,0.755608614483566,8.6763074502727e-09,0.000112589897748538,NA,0.0015104500475549,7.32525373692283e-10,0.554651755707545,0.000260746746421958,0.000111522636290218,1.99529557987077e-07,4.30109736313522e-05,0.671935903854621,0.00402172832154957,2.22044604925031e-16,0.00204000349909483,0.268198053816446,0.00402480472419908,0.150725168339491,0.149644754785959,0.654933930083226,1.5489166748095e-05,0.0516819257568533,0.0056859827555964,1.26374302040766e-05,0.00279546247357088
"HiCascRCA",0.114151240799881,8.61958850473243e-06,2.87684054356419e-09,1.07936504178952e-09,0.000109266543630415,0.076569514057258,0.000163162133992367,0.0181603657948015,0.621492936022278,1.86539672597519e-12,0.0863043229008795,0.373988875692476,0.0030093421693691,0.124036306114694,0.278510315560792,0.985836121500047,0.734211403032555,0.000163109065026923,0.37500446178424,0.0015104500475549,NA,0.000109229565299795,0.847793090629628,8.94487242542041e-06,1.90855179260652e-06,0.00347820866542081,0.00614751850500128,0.779113485946607,0.948845226975765,0.00347698603747526,0,0.578548986171323,0.000191906807510911,0.00620144756510244,0.289247082940846,0.288725377837206,0.000894343757283478,1.84455167175912e-05,0.000485778823416272,0.000581112927611205,4.01706659047818e-08
"DevelopRCA",0.0176657112687799,0.231416845115641,0,0,0,0.463811283179901,0,0.0130020846568222,1.12946512778045e-05,1.46696509462085e-05,8.92932010776448e-06,7.40396706611079e-07,8.51254178257932e-10,0.00019884401223158,0.295675408212,0.938719910278545,0.0254837661558538,0,1.54005628250076e-06,7.32525373692283e-10,0.000109229565299795,NA,0.0106133746558903,3.21964677141295e-14,0,0,0,0.15034244315044,6.12841118030616e-06,2.72550870761279e-11,0.00156700097132534,0.730512286350337,1.29120114600312e-08,0.000127605229083727,1.73630941624481e-07,0.00382812489501161,0,0.889546898924034,1.70576441860248e-10,0,1.71821203709399e-07
"RoadsRCA",0.00453786716413807,0.441278103451608,0.0241898681799331,0.250880068122158,0.196713743835373,0.393364097053717,0.131789986009215,0.872688839877981,0.00155554598521834,0.0764746236418068,0.0261958546210299,0.360669946666267,0.671732033390392,0.930123471462275,0.620938364787695,0.00444298829344092,0.270766875995557,0.0845326643930693,0.000440842759973137,0.554651755707545,0.847793090629628,0.0106133746558903,NA,0.0036306347290358,0.0140495191390286,0.00136916318399116,0.00460963169432871,0.300988589930327,0.000449438084683784,0.226522488599854,0.523804041154428,2.34564851986363e-08,1.58193782828775e-05,1.70880396015427e-05,3.0729945481589e-06,6.93480421576353e-06,0.00519381614918513,0.000555910444634655,2.3654243701543e-06,0.004861364484398,0.765608060072257
"VegCover",0.000544515520317645,0.439693666334837,0,4.73843186910017e-13,4.85833595575969e-13,0.366993880193138,1.48170364866473e-12,0.630168350789657,0.000278105585538757,0.000100246761876921,0.000120862396446153,4.0422401426099e-08,6.03201932847242e-11,6.78792170005771e-06,0.325755963400827,0.363463981995402,0.934112509041661,4.88498130835069e-15,7.43613896010409e-05,0.000260746746421958,8.94487242542041e-06,3.21964677141295e-14,0.0036306347290358,NA,0,1.06052309156723e-08,1.27098331859088e-12,0.331923463145236,0.000189303781003014,0.000160585648304234,0.00143524011787521,0.300053605771894,2.93098878501041e-14,6.96775970254748e-13,1.93110700010823e-05,0.0237127835306046,1.82831527695271e-12,0.490574395866575,1.5794505703326e-09,5.83977310952832e-13,1.03807622497953e-07
"VegHeight_",0.0159079058157707,0.282118605529534,0,0,0,0.900285591800684,0,0.0466176334108945,0.000210852937528649,7.86258125007322e-06,0.000354627292438625,1.27437649322104e-07,6.56386056618885e-12,2.78149717924947e-06,0.752310833601511,0.718162736367226,0.173931745303151,0,2.45138722325677e-05,0.000111522636290218,1.90855179260652e-06,0,0.0140495191390286,0,NA,1.67455604938027e-09,5.59552404411079e-14,0.749951951809477,2.75031518519597e-05,1.75550752319342e-05,0.000224109140860573,0.367963861923024,2.66453525910038e-15,2.19107929577689e-08,2.73086221129759e-05,0.0319732628439531,4.47641923528863e-13,0.364533953347057,3.62631076278319e-08,7.54951656745106e-14,3.42472006309436e-08
"DevelopBuf",0.0819916844978603,0.308361482602886,2.95381497039671e-11,1.41651135265874e-11,3.5527136788005e-15,0.672454021308292,7.73603403558809e-13,0.0205208726232873,4.07031540827774e-05,0.000896128979288369,0.000227952222744632,4.32318182541636e-06,1.84233862388083e-07,0.0026404233264512,0.169926093197429,0.797344649535047,0.0743282124471698,3.96127575186256e-13,6.21311271784553e-05,1.99529557987077e-07,0.00347820866542081,0,0.00136916318399116,1.06052309156723e-08,1.67455604938027e-09,NA,4.44089209850063e-16,0.325423476629562,0.000181969135216065,2.7195534713087e-09,0.0161168494833746,0.132288688820493,1.1983275749472e-07,0.000331369037210871,1.74353297910379e-06,0.00520225479453984,2.92679214197733e-11,0.864029022998765,5.20948983950831e-08,7.43138883763095e-12,7.1301831245929e-05
"AgBuf",0.00355914430788573,0.731153185469269,8.88178419700125e-15,6.97220059464598e-14,0,0.580959791161514,0,0.122167654974381,3.83956286462706e-05,0.00167053867873879,1.01685422420061e-05,3.86738598034952e-07,4.09399807388411e-08,0.000174232709053479,0.351726486281883,0.683207865049154,0.0424308051086961,0,1.73661256850366e-05,4.30109736313522e-05,0.00614751850500128,0,0.00460963169432871,1.27098331859088e-12,5.59552404411079e-14,4.44089209850063e-16,NA,0.40388487118845,6.8282490484961e-05,0.000112022720973659,0.0238862871503458,0.480203583881796,4.5239598733815e-09,6.18331278556816e-06,1.68975944347949e-13,2.87353677741464e-07,5.32907051820075e-15,0.121486207725435,5.55111512312578e-15,1.33226762955019e-15,2.10142876393427e-05
"BurnBuf",0.472536672583936,0.209251104460511,0.605802474861063,0.0820411364688742,0.0391781166769771,0.174484400643077,0.032252859987604,1.7898820142026e-05,0.0415826628470941,0.892414971121283,0.267236942651769,0.723828990843839,0.798907003352289,0.400694623482804,0.000636069831219332,0.113030050798691,0,0.11005443973207,0.924496348473744,0.671935903854621,0.779113485946607,0.15034244315044,0.300988589930327,0.331923463145236,0.749951951809477,0.325423476629562,0.40388487118845,NA,0.387332050423016,0.238581850660926,0.269554573970745,0.977729811772734,0.809928609915339,0.0122048877372565,0.303322882558781,0.359078486697494,0.0319677439786243,0.247348565745311,0.480157126363008,0.0293631549808613,0.725220838569394
"WetlandBuf",0.0899606816886664,0.108647143843934,0.00162770999951545,0.00197522684556306,5.5171510437102e-05,0.221749973119887,6.91406194837096e-05,0.588161417347266,0.0388112282392827,0.536123906678791,0.0136174350598508,5.37189161646801e-05,0.000240671485387978,0.00721791931486426,0.733292821775083,0.757770964368529,0.0332755376954674,1.74431973625211e-05,0,0.00402172832154957,0.948845226975765,6.12841118030616e-06,0.000449438084683784,0.000189303781003014,2.75031518519597e-05,0.000181969135216065,6.8282490484961e-05,0.387332050423016,NA,0.000658346625814987,0.828896170937907,0.661730192611861,6.62640871893494e-05,0.00353123095891661,0.000595130886963835,0.00408726299792628,7.27084541738421e-05,0.10458146247152,0.000703655926828528,2.71876530684168e-05,0.238218991306451
"LakesBuf",0.145262906721694,0.847114483403192,9.43583193357966e-07,2.77497429923557e-07,4.6971799161355e-07,0.276218024039763,1.76938578753116e-05,0.103560609302836,0.0256837511024344,0.00470356865144628,0.00982676755081791,0.0411815404917877,0.00211231116878752,0.156927315277446,0.392000521652034,0.770308199149529,0.342626424918277,1.42595634855525e-07,0.000932943672212305,2.22044604925031e-16,0.00347698603747526,2.72550870761279e-11,0.226522488599854,0.000160585648304234,1.75550752319342e-05,2.7195534713087e-09,0.000112022720973659,0.238581850660926,0.000658346625814987,NA,0.0161129506986883,0.362978526366205,8.76268439964356e-05,0.0527722479350565,0.0799542144637546,0.932605652862192,9.70857207716058e-06,0.104025238062338,0.00707548036497929,7.48373635195421e-06,0.00121076494298666
"HiCascBuf",0.269890381323087,0.00094281445612987,9.28253010901159e-07,8.22601378347443e-07,0.00156735083849791,0.184483881921274,0.00204308488412752,0.050247878949444,0.821720828831439,2.92394064071999e-07,0.0804248843190265,0.468323574526163,0.0172127657847296,0.266029940891554,0.347308099424709,0.902501240082104,0.934191855298411,0.00204264450757408,0.300814845433041,0.00204000349909483,0,0.00156700097132534,0.523804041154428,0.00143524011787521,0.000224109140860573,0.0161168494833746,0.0238862871503458,0.269554573970745,0.828896170937907,0.0161129506986883,NA,0.992121036205612,0.000443695811148004,0.026787218597198,0.481835887129612,0.290232075091694,0.00471888832400391,0.000227517619372897,0.00421471154715647,0.00280755594793813,2.03046925522088e-05
"RoadsBuf",0.224992257002103,0.669714913190862,0.787643367927269,0.72016298126345,0.631079811092183,0.358691131644909,0.915181890217784,0.322630934428668,0.0188331268024275,0.403352351492787,0.679152456916209,0.732575387463017,0.924208276667628,0.79116222857811,0.0958595648701617,0.40928953839577,0.915429184681081,0.656854357002445,0.999020891913949,0.268198053816446,0.578548986171323,0.730512286350337,2.34564851986363e-08,0.300053605771894,0.367963861923024,0.132288688820493,0.480203583881796,0.977729811772734,0.661730192611861,0.362978526366205,0.992121036205612,NA,0.0191387675519539,0.0141299191695206,0.0683585653108623,0.132264462469466,0.97684261584938,0.204120297404069,0.0625904432033861,0.906708899738305,0.938840223831561
"VegHtBuf",2.4146971190131e-05,0.497224933719165,3.85398379876278e-11,8.06836755185003e-08,3.29844196622631e-06,0.200428629103439,1.92763979756094e-06,0.802162249689408,0.000104482612763412,0.113929262579147,0.00235276505619453,0.00216956784829714,9.16556351411302e-05,0.0225498734786882,0.812063358130641,0.00740200755488551,0.642513617339104,3.06329948074335e-08,2.24292335353482e-05,0.00402480472419908,0.000191906807510911,1.29120114600312e-08,1.58193782828775e-05,2.93098878501041e-14,2.66453525910038e-15,1.1983275749472e-07,4.5239598733815e-09,0.809928609915339,6.62640871893494e-05,8.76268439964356e-05,0.000443695811148004,0.0191387675519539,NA,0,6.62038176435509e-06,0.00263015311476411,2.93587434363474e-08,0.680140911090904,9.31318044905538e-09,8.98031982110581e-09,0.00106915653489037
"VegCovBuf",1.09367492173718e-07,0.433012710722491,1.04923758570408e-08,0.000609227885844721,0.00775232772308843,0.0464324845632493,0.00758278136682744,0.014612919687844,0.00721469267474606,0.414295628972885,0.0166600032215567,0.00965702499856702,0.00421691230376875,0.0518511287249999,0.0219501492454488,7.8089556434513e-06,0.0264746032879737,0.000451530463557503,0.000394625812802918,0.150725168339491,0.00620144756510244,0.000127605229083727,1.70880396015427e-05,6.96775970254748e-13,2.19107929577689e-08,0.000331369037210871,6.18331278556816e-06,0.0122048877372565,0.00353123095891661,0.0527722479350565,0.026787218597198,0.0141299191695206,0,NA,4.61407175729178e-05,0.00266362117277219,5.68967893974648e-05,0.406855494897882,6.71409907671006e-08,4.08990232156903e-05,0.0134996454098366
"MeanMaxAir",0.000306191003488721,0.389951319753,2.07904345739252e-07,3.04117405014459e-05,2.34003444177233e-07,0.742244126541659,6.47783089391396e-08,0.0656540112598683,3.30886103450112e-06,0.856697383782868,0.000654934741789681,0.00519404341923924,0.0299111049401548,0.708905381361943,0.0303367744031906,0.0335596630212405,0.0244361459135112,8.39029603572072e-08,0.000402679909438763,0.149644754785959,0.289247082940846,1.73630941624481e-07,3.0729945481589e-06,1.93110700010823e-05,2.73086221129759e-05,1.74353297910379e-06,1.68975944347949e-13,0.303322882558781,0.000595130886963835,0.0799542144637546,0.481835887129612,0.0683585653108623,6.62038176435509e-06,4.61407175729178e-05,NA,0,8.18012324543815e-13,5.05796693417437e-09,0,4.17443857259059e-12,0.0835617236354473
"MaxAir_C",0.007760923536966,0.869315098014776,0.0116420544776716,0.11131488787611,0.00688028586553102,0.76511646204856,0.00273220686608155,0.572674173549447,3.13650368628515e-05,0.0395375379462082,0.0266374989269627,0.0617755292130986,0.641053653606789,0.828123197193756,0.10481864494247,0.0448280110118642,0.0338448145111461,0.00456978885169135,0.00982822820323026,0.654933930083226,0.288725377837206,0.00382812489501161,6.93480421576353e-06,0.0237127835306046,0.0319732628439531,0.00520225479453984,2.87353677741464e-07,0.359078486697494,0.00408726299792628,0.932605652862192,0.290232075091694,0.132264462469466,0.00263015311476411,0.00266362117277219,0,NA,1.7491301060879e-06,0,3.06421554796543e-14,4.46787925767467e-06,0.54640965787727
"Precip_mm",0.00136597236496483,0.0915889611698413,0,1.33226762955019e-15,0,0.848215299790725,0,0.00184800936707941,1.91090514078951e-07,0.00802648722953325,4.52926124605568e-06,7.21396646397032e-05,5.17528046506399e-06,0.0395914454184267,0.10063140056202,0.29261358148488,0.00652431065261938,0,7.91802570359046e-05,1.5489166748095e-05,0.000894343757283478,0,0.00519381614918513,1.82831527695271e-12,4.47641923528863e-13,2.92679214197733e-11,5.32907051820075e-15,0.0319677439786243,7.27084541738421e-05,9.70857207716058e-06,0.00471888832400391,0.97684261584938,2.93587434363474e-08,5.68967893974648e-05,8.18012324543815e-13,1.7491301060879e-06,NA,0.0429172919806267,0,0,1.30258793016313e-05
"SumPrecip",0.274555705532446,0.343456342286011,0.257125902620239,0.0295024184579309,0.677854922629834,0.587875654182477,0.899789745588657,0.981580055310726,0.000975713410861445,1.70630474194411e-08,0.613735462207275,0.787313270356087,0.0267957745727552,0.0277414298726244,0.176528441951898,0.105106470422472,0.073080749096984,0.740708254553748,0.355370235758505,0.0516819257568533,1.84455167175912e-05,0.889546898924034,0.000555910444634655,0.490574395866575,0.364533953347057,0.864029022998765,0.121486207725435,0.247348565745311,0.10458146247152,0.104025238062338,0.000227517619372897,0.204120297404069,0.680140911090904,0.406855494897882,5.05796693417437e-09,0,0.0429172919806267,NA,0.00128922603357218,0.0756791845950069,0.000137385242006571
"MeanAirJJA",4.97542600941259e-06,0.0793218614360525,3.99680288865056e-15,1.76596204326529e-09,1.63277968923126e-09,0.883186881186966,1.38639943969565e-09,0.0638193081488578,2.11805830221401e-05,0.0551819675093164,0.000103246161749393,0.00231518860252677,0.00151387089582755,0.374049444497378,0.0755445655280038,0.00548460120031535,0.160547611800785,2.50750531449739e-10,0.000115475255844544,0.0056859827555964,0.000485778823416272,1.70576441860248e-10,2.3654243701543e-06,1.5794505703326e-09,3.62631076278319e-08,5.20948983950831e-08,5.55111512312578e-15,0.480157126363008,0.000703655926828528,0.00707548036497929,0.00421471154715647,0.0625904432033861,9.31318044905538e-09,6.71409907671006e-08,0,3.06421554796543e-14,0,0.00128922603357218,NA,4.44089209850063e-16,0.000723621948811592
"WetPrecip",0.00217160158628982,0.0819173338765842,0,4.44089209850063e-16,0,0.968505272083924,0,0.00200101976869727,4.48699743582637e-07,0.00498163312563005,3.80410724476477e-06,3.31510521709433e-05,1.66580264315819e-06,0.0235456697187759,0.123200542738195,0.324545075415049,0.00429000755293529,0,4.17834258921168e-05,1.26374302040766e-05,0.000581112927611205,0,0.004861364484398,5.83977310952832e-13,7.54951656745106e-14,7.43138883763095e-12,1.33226762955019e-15,0.0293631549808613,2.71876530684168e-05,7.48373635195421e-06,0.00280755594793813,0.906708899738305,8.98031982110581e-09,4.08990232156903e-05,4.17443857259059e-12,4.46787925767467e-06,0,0.0756791845950069,4.44089209850063e-16,NA,8.18056891827013e-06
"thermalSensitivity",0.0163772428896105,0.0871419089793795,2.24975593710042e-11,1.77635683940025e-15,5.65063551505318e-11,0.19690788011752,6.88983980978719e-10,0.0392705045564825,0.833025886034055,8.88178419700125e-16,0.0464000797600321,1.53557211033384e-05,3.20242055096287e-10,0.000383455318689663,0.882856468802896,0.970701315390392,0.487148520709417,9.3681624679931e-09,0.0744016085094747,0.00279546247357088,4.01706659047818e-08,1.71821203709399e-07,0.765608060072257,1.03807622497953e-07,3.42472006309436e-08,7.1301831245929e-05,2.10142876393427e-05,0.725220838569394,0.238218991306451,0.00121076494298666,2.03046925522088e-05,0.938840223831561,0.00106915653489037,0.0134996454098366,0.0835617236354473,0.54640965787727,1.30258793016313e-05,0.000137385242006571,0.000723621948811592,8.18056891827013e-06,NA
